id,first_name,last_name,organization_id,email,role_id,last_active_at,created_at,updated_at,two_factor_enabled,deactivated_at
"x9b19w5fccdsycoeajkff","John","Parlay","d81dc152-c9d3-048b-1572-1f0c4594bf92","admin@gmail.com","4dfdc753-cfdf-4fdb-848d-76c9663b4c3a","2025-09-18 20:54:48.479+00","2025-09-17 19:27:50.291352+00","2025-09-18 20:54:48.47942+00","f",
"u4i5l20z0hv88of1ctmrt","John","Parlay","d81dc152-c9d3-048b-1572-1f0c4594bf92","superadmin@gmail.com","cdb8366c-f9ee-4738-8943-d00fe19f66d6",,"2025-09-17 19:27:50.291352+00","2025-09-18 20:54:22.915058+00","f",
"towkl9vocs1dleat51fzg","Jonathan","Paucek","d81dc152-c9d3-048b-1572-1f0c4594bf92","jonathan.paucek+2323274074@example.com","17feb814-a85b-4d52-9260-c66ed65d679c",,"2025-09-18 20:54:48.215959+00","2025-09-18 20:54:48.215959+00","f",
"vcjer8l1shrc4n0myngix","Camylle","O'Hara","d81dc152-c9d3-048b-1572-1f0c4594bf92","camylle.o'hara+5010666485@example.com","17feb814-a85b-4d52-9260-c66ed65d679c",,"2025-09-18 20:54:48.215959+00","2025-09-18 20:54:48.215959+00","f",
"8c303314xvnwguwmnbf3p","Eulalia","Lehner","d81dc152-c9d3-048b-1572-1f0c4594bf92","eulalia.lehner+8105930632@example.com","17feb814-a85b-4d52-9260-c66ed65d679c",,"2025-09-18 20:54:48.215959+00","2025-09-18 20:54:48.215959+00","f",
"sufpjdsgo7pphbcban7sh","Murl","Legros","d81dc152-c9d3-048b-1572-1f0c4594bf92","murl.legros+672440970@example.com","17feb814-a85b-4d52-9260-c66ed65d679c",,"2025-09-18 20:54:48.215959+00","2025-09-18 20:54:48.215959+00","f",
"fx9whmtj44cp2hhhkvjw3","Andre","Lemke","d81dc152-c9d3-048b-1572-1f0c4594bf92","andre.lemke+4678308560@example.com","17feb814-a85b-4d52-9260-c66ed65d679c",,"2025-09-18 20:54:48.215959+00","2025-09-18 20:54:48.215959+00","f",
"xkpopv6sqnf5y8cpj7stz","Irving","Steuber","d81dc152-c9d3-048b-1572-1f0c4594bf92","irving.steuber+2732457085@example.com","17feb814-a85b-4d52-9260-c66ed65d679c",,"2025-09-18 20:54:48.215959+00","2025-09-18 20:54:48.215959+00","f",
"0w3pf7elayi5hfoz08dx7","Carli","Connelly","d81dc152-c9d3-048b-1572-1f0c4594bf92","carli.connelly+1685396549@example.com","17feb814-a85b-4d52-9260-c66ed65d679c",,"2025-09-18 20:54:48.215959+00","2025-09-18 20:54:48.215959+00","f",
"1uss525k9bb7zyxjzxe9a","Lucinda","Welch","d81dc152-c9d3-048b-1572-1f0c4594bf92","lucinda.welch+5360062009@example.com","17feb814-a85b-4d52-9260-c66ed65d679c",,"2025-09-18 20:54:48.215959+00","2025-09-18 20:54:48.215959+00","f",
"43850dwttwwd6oj3pzyrf","Walker","Weimann","d81dc152-c9d3-048b-1572-1f0c4594bf92","walker.weimann+3255246808@example.com","17feb814-a85b-4d52-9260-c66ed65d679c",,"2025-09-18 20:54:48.215959+00","2025-09-18 20:54:48.215959+00","f",
"z0rtfuin28sy2gstz7a9b","Angelita","Emard","d81dc152-c9d3-048b-1572-1f0c4594bf92","angelita.emard+8769973789@example.com","17feb814-a85b-4d52-9260-c66ed65d679c",,"2025-09-18 20:54:48.215959+00","2025-09-18 20:54:48.215959+00","f",
"x5wpp4iym40tudkqntwu4","Carolanne","Schaden","d81dc152-c9d3-048b-1572-1f0c4594bf92","carolanne.schaden+3012824053@example.com","17feb814-a85b-4d52-9260-c66ed65d679c",,"2025-09-18 20:54:48.215959+00","2025-09-18 20:54:48.215959+00","f",
"oattxg2nrx9fqbn6394gp","Prudence","Anderson","d81dc152-c9d3-048b-1572-1f0c4594bf92","prudence.anderson+3740997250@example.com","17feb814-a85b-4d52-9260-c66ed65d679c",,"2025-09-18 20:54:48.215959+00","2025-09-18 20:54:48.215959+00","f",
"dcfebje9ppwf7muik4pbq","Neal","Parker","d81dc152-c9d3-048b-1572-1f0c4594bf92","neal.parker+2554705531@example.com","17feb814-a85b-4d52-9260-c66ed65d679c",,"2025-09-18 20:54:48.215959+00","2025-09-18 20:54:48.215959+00","f",
"byvzhqcg30z40yicolhmd","Reilly","Effertz","d81dc152-c9d3-048b-1572-1f0c4594bf92","reilly.effertz+7278381161@example.com","17feb814-a85b-4d52-9260-c66ed65d679c",,"2025-09-18 20:54:48.215959+00","2025-09-18 20:54:48.215959+00","f",
"nx2v7o7yu8097n6v79clm","Alvina","Toy","d81dc152-c9d3-048b-1572-1f0c4594bf92","alvina.toy+3233345345@example.com","17feb814-a85b-4d52-9260-c66ed65d679c",,"2025-09-18 20:54:48.215959+00","2025-09-18 20:54:48.215959+00","f",
"7g3hsq6ibvavhdmuw13mk","Kay","Schaefer","d81dc152-c9d3-048b-1572-1f0c4594bf92","kay.schaefer+7116041623@example.com","17feb814-a85b-4d52-9260-c66ed65d679c",,"2025-09-18 20:54:48.215959+00","2025-09-18 20:54:48.215959+00","f",
"w5w09wnvsaba82xpajtp2","Terrell","Denesik","d81dc152-c9d3-048b-1572-1f0c4594bf92","terrell.denesik+4498048535@example.com","17feb814-a85b-4d52-9260-c66ed65d679c",,"2025-09-18 20:54:48.215959+00","2025-09-18 20:54:48.215959+00","f",
"f5e9mbmbohqo6hgd47ql0","May","Romaguera","d81dc152-c9d3-048b-1572-1f0c4594bf92","may.romaguera+9915963674@example.com","17feb814-a85b-4d52-9260-c66ed65d679c",,"2025-09-18 20:54:48.215959+00","2025-09-18 20:54:48.215959+00","f",
"2rukbcqnmo9lpbbf6vlr0","Korey","Kulas","d81dc152-c9d3-048b-1572-1f0c4594bf92","korey.kulas+5346314935@example.com","17feb814-a85b-4d52-9260-c66ed65d679c",,"2025-09-18 20:54:48.215959+00","2025-09-18 20:54:48.215959+00","f",
"qabq6z6bwon4e47r836ug","Ruthe","Prosacco","d81dc152-c9d3-048b-1572-1f0c4594bf92","ruthe.prosacco+8584276058@example.com","17feb814-a85b-4d52-9260-c66ed65d679c",,"2025-09-18 20:54:48.215959+00","2025-09-18 20:54:48.215959+00","f",
"9uycgocipnsf70wd2ic7n","Shawn","Predovic","d81dc152-c9d3-048b-1572-1f0c4594bf92","shawn.predovic+3486121939@example.com","17feb814-a85b-4d52-9260-c66ed65d679c",,"2025-09-18 20:54:48.215959+00","2025-09-18 20:54:48.215959+00","f",
"czmzf3cazxvbpdesil94f","Erling","Bernhard","d81dc152-c9d3-048b-1572-1f0c4594bf92","erling.bernhard+3043464194@example.com","17feb814-a85b-4d52-9260-c66ed65d679c",,"2025-09-18 20:54:48.215959+00","2025-09-18 20:54:48.215959+00","f",
"01p3jzv34ctxwudn1dmgj","Rollin","Trantow","d81dc152-c9d3-048b-1572-1f0c4594bf92","rollin.trantow+2774591835@example.com","17feb814-a85b-4d52-9260-c66ed65d679c",,"2025-09-18 20:54:48.215959+00","2025-09-18 20:54:48.215959+00","f",
"sk4yptr74fx9reuw44yl4","Mathew","Feest","d81dc152-c9d3-048b-1572-1f0c4594bf92","mathew.feest+6875862752@example.com","17feb814-a85b-4d52-9260-c66ed65d679c",,"2025-09-18 20:54:48.215959+00","2025-09-18 20:54:48.215959+00","f",
"0ndpmrpixdbv4fyuk6v3h","Rosalia","McClure","d81dc152-c9d3-048b-1572-1f0c4594bf92","rosalia.mcclure+4141259924@example.com","17feb814-a85b-4d52-9260-c66ed65d679c",,"2025-09-18 20:54:48.215959+00","2025-09-18 20:54:48.215959+00","f",
"u7p4bys2r2b6zow6dicv1","Lenora","Kassulke","d81dc152-c9d3-048b-1572-1f0c4594bf92","lenora.kassulke+3826218526@example.com","17feb814-a85b-4d52-9260-c66ed65d679c",,"2025-09-18 20:54:48.215959+00","2025-09-18 20:54:48.215959+00","f",
"94sn7q1lmwc529h3e80wr","Blaise","Champlin","d81dc152-c9d3-048b-1572-1f0c4594bf92","blaise.champlin+6890707888@example.com","17feb814-a85b-4d52-9260-c66ed65d679c",,"2025-09-18 20:54:48.215959+00","2025-09-18 20:54:48.215959+00","f",
"vpevfpgxhqfj24y8xjnf8","Rowena","Dickinson","d81dc152-c9d3-048b-1572-1f0c4594bf92","rowena.dickinson+85297616@example.com","17feb814-a85b-4d52-9260-c66ed65d679c",,"2025-09-18 20:54:48.215959+00","2025-09-18 20:54:48.215959+00","f",
"z7s0hdils56p094v2odsx","Electa","Schumm","d81dc152-c9d3-048b-1572-1f0c4594bf92","electa.schumm+1218214842@example.com","17feb814-a85b-4d52-9260-c66ed65d679c",,"2025-09-18 20:54:48.215959+00","2025-09-18 20:54:48.215959+00","f",
"y38tskiysbxtv0bl8zdt2","Hershel","Thiel","d81dc152-c9d3-048b-1572-1f0c4594bf92","hershel.thiel+5305380349@example.com","17feb814-a85b-4d52-9260-c66ed65d679c",,"2025-09-18 20:54:48.215959+00","2025-09-18 20:54:48.215959+00","f",
"dbbql62lyjonba86s9n3y","Crawford","Kreiger","d81dc152-c9d3-048b-1572-1f0c4594bf92","crawford.kreiger+2273481650@example.com","17feb814-a85b-4d52-9260-c66ed65d679c",,"2025-09-18 20:54:48.215959+00","2025-09-18 20:54:48.215959+00","f",
"vmesajlnxm0hxus6cqhxl","Joanne","Wintheiser","d81dc152-c9d3-048b-1572-1f0c4594bf92","joanne.wintheiser+7589878437@example.com","17feb814-a85b-4d52-9260-c66ed65d679c",,"2025-09-18 20:54:48.215959+00","2025-09-18 20:54:48.215959+00","f",
"xjo4dgbv3tlpwg9liufy4","Marcus","Powlowski","d81dc152-c9d3-048b-1572-1f0c4594bf92","marcus.powlowski+3978528518@example.com","17feb814-a85b-4d52-9260-c66ed65d679c",,"2025-09-18 20:54:48.215959+00","2025-09-18 20:54:48.215959+00","f",
"cz721qd29d3p0dop9gajw","Jeramie","Jaskolski","d81dc152-c9d3-048b-1572-1f0c4594bf92","jeramie.jaskolski+7639551627@example.com","17feb814-a85b-4d52-9260-c66ed65d679c",,"2025-09-18 20:54:48.215959+00","2025-09-18 20:54:48.215959+00","f",
"vqykxj7xu85vc1vs96f56","Delbert","Heller","d81dc152-c9d3-048b-1572-1f0c4594bf92","delbert.heller+2009127834@example.com","17feb814-a85b-4d52-9260-c66ed65d679c",,"2025-09-18 20:54:48.215959+00","2025-09-18 20:54:48.215959+00","f",
"ecv9ntxxrth4z5xlfq7p4","Fabiola","Huels","d81dc152-c9d3-048b-1572-1f0c4594bf92","fabiola.huels+6147059259@example.com","17feb814-a85b-4d52-9260-c66ed65d679c",,"2025-09-18 20:54:48.215959+00","2025-09-18 20:54:48.215959+00","f",
"o15jze16t9bce9pm7wwd9","Maximillia","Wintheiser","d81dc152-c9d3-048b-1572-1f0c4594bf92","maximillia.wintheiser+172835835@example.com","17feb814-a85b-4d52-9260-c66ed65d679c",,"2025-09-18 20:54:48.215959+00","2025-09-18 20:54:48.215959+00","f",
"ku75qd9tur5tmbet8rg1f","Stevie","Wyman","d81dc152-c9d3-048b-1572-1f0c4594bf92","stevie.wyman+8479501306@example.com","17feb814-a85b-4d52-9260-c66ed65d679c",,"2025-09-18 20:54:48.215959+00","2025-09-18 20:54:48.215959+00","f",
"3u8yk6bfvahiiig7gt3fz","Hassan","Steuber","d81dc152-c9d3-048b-1572-1f0c4594bf92","hassan.steuber+8227320982@example.com","17feb814-a85b-4d52-9260-c66ed65d679c",,"2025-09-18 20:54:48.215959+00","2025-09-18 20:54:48.215959+00","f",
"lcu2k47o4u0zuw5pdhmhz","Leonor","Schamberger","d81dc152-c9d3-048b-1572-1f0c4594bf92","leonor.schamberger+1818686895@example.com","17feb814-a85b-4d52-9260-c66ed65d679c",,"2025-09-18 20:54:48.215959+00","2025-09-18 20:54:48.215959+00","f",
"9lm6w9l18vao745tshpzu","Newton","Fahey","d81dc152-c9d3-048b-1572-1f0c4594bf92","newton.fahey+5758017820@example.com","17feb814-a85b-4d52-9260-c66ed65d679c",,"2025-09-18 20:54:48.215959+00","2025-09-18 20:54:48.215959+00","f",
"wi428dp5hacy4kt8ssed2","Fidel","Hane","d81dc152-c9d3-048b-1572-1f0c4594bf92","fidel.hane+1983482312@example.com","17feb814-a85b-4d52-9260-c66ed65d679c",,"2025-09-18 20:54:48.215959+00","2025-09-18 20:54:48.215959+00","f",
"cjagvs5xyo7c2q541ebw5","Jamey","Quitzon-Reynolds","d81dc152-c9d3-048b-1572-1f0c4594bf92","jamey.quitzon-reynolds+4014552567@example.com","17feb814-a85b-4d52-9260-c66ed65d679c",,"2025-09-18 20:54:48.215959+00","2025-09-18 20:54:48.215959+00","f",
"imdcobsced2l4hsm4qoh4","Ursula","Shields","d81dc152-c9d3-048b-1572-1f0c4594bf92","ursula.shields+7256469640@example.com","17feb814-a85b-4d52-9260-c66ed65d679c",,"2025-09-18 20:54:48.215959+00","2025-09-18 20:54:48.215959+00","f",
"q9847ks297dj5294mqz9j","Erna","Becker","d81dc152-c9d3-048b-1572-1f0c4594bf92","erna.becker+2355756625@example.com","17feb814-a85b-4d52-9260-c66ed65d679c",,"2025-09-18 20:54:48.215959+00","2025-09-18 20:54:48.215959+00","f",
"wvzllcfz8r1p9zmdes01k","Ardith","Grimes","d81dc152-c9d3-048b-1572-1f0c4594bf92","ardith.grimes+2037760846@example.com","17feb814-a85b-4d52-9260-c66ed65d679c",,"2025-09-18 20:54:48.215959+00","2025-09-18 20:54:48.215959+00","f",
"93xb1ub6wbhft9xmr1ltw","Clair","Kerluke-Rau","d81dc152-c9d3-048b-1572-1f0c4594bf92","clair.kerluke-rau+4261160368@example.com","17feb814-a85b-4d52-9260-c66ed65d679c",,"2025-09-18 20:54:48.215959+00","2025-09-18 20:54:48.215959+00","f",
"or3jb4yo94fy17s0vfh2m","Jared","Hessel","d81dc152-c9d3-048b-1572-1f0c4594bf92","jared.hessel+6037337498@example.com","17feb814-a85b-4d52-9260-c66ed65d679c",,"2025-09-18 20:54:48.215959+00","2025-09-18 20:54:48.215959+00","f",
"c3ra4gwpqjnqzaph97qkk","Kian","Hyatt","d81dc152-c9d3-048b-1572-1f0c4594bf92","kian.hyatt+7256496316@example.com","17feb814-a85b-4d52-9260-c66ed65d679c",,"2025-09-18 20:54:48.215959+00","2025-09-18 20:54:48.215959+00","f",
"4k63vji80o0bm3vvaactu","Mae","Romaguera","d81dc152-c9d3-048b-1572-1f0c4594bf92","mae.romaguera+9690060443@example.com","17feb814-a85b-4d52-9260-c66ed65d679c",,"2025-09-18 20:54:48.215959+00","2025-09-18 20:54:48.215959+00","f",
"v7816fyid0ptnc3zq8oyw","Vena","Maggio","d81dc152-c9d3-048b-1572-1f0c4594bf92","vena.maggio+5265379878@example.com","17feb814-a85b-4d52-9260-c66ed65d679c",,"2025-09-18 20:54:48.215959+00","2025-09-18 20:54:48.215959+00","f",
"kmmk06msd9k2imbcv29au","Tiara","Flatley","d81dc152-c9d3-048b-1572-1f0c4594bf92","tiara.flatley+9255595886@example.com","17feb814-a85b-4d52-9260-c66ed65d679c",,"2025-09-18 20:54:48.215959+00","2025-09-18 20:54:48.215959+00","f",
"2f0envqjwr3i0zu4e610g","Selmer","Pacocha","d81dc152-c9d3-048b-1572-1f0c4594bf92","selmer.pacocha+6372716170@example.com","17feb814-a85b-4d52-9260-c66ed65d679c",,"2025-09-18 20:54:48.215959+00","2025-09-18 20:54:48.215959+00","f",
"6o78ar32gxxzwbx3hvsxw","Gudrun","Thompson","d81dc152-c9d3-048b-1572-1f0c4594bf92","gudrun.thompson+9134832200@example.com","17feb814-a85b-4d52-9260-c66ed65d679c",,"2025-09-18 20:54:48.215959+00","2025-09-18 20:54:48.215959+00","f",
"sjkbii6asy1of7fdg7itb","Jeremy","Hartmann","d81dc152-c9d3-048b-1572-1f0c4594bf92","jeremy.hartmann+4194199002@example.com","17feb814-a85b-4d52-9260-c66ed65d679c",,"2025-09-18 20:54:48.215959+00","2025-09-18 20:54:48.215959+00","f",
"1e7h594srdwv7i54hawcf","Cordelia","Batz","d81dc152-c9d3-048b-1572-1f0c4594bf92","cordelia.batz+993235837@example.com","17feb814-a85b-4d52-9260-c66ed65d679c",,"2025-09-18 20:54:48.215959+00","2025-09-18 20:54:48.215959+00","f",
"s650wav8feqjq54a6pgre","Kevon","Johnson","d81dc152-c9d3-048b-1572-1f0c4594bf92","kevon.johnson+2170380678@example.com","17feb814-a85b-4d52-9260-c66ed65d679c",,"2025-09-18 20:54:48.215959+00","2025-09-18 20:54:48.215959+00","f",
"d7yaubknes95wokn7srvt","Deonte","Little","d81dc152-c9d3-048b-1572-1f0c4594bf92","deonte.little+4011599161@example.com","17feb814-a85b-4d52-9260-c66ed65d679c",,"2025-09-18 20:54:48.215959+00","2025-09-18 20:54:48.215959+00","f",
"7q7bnvafm5en693e4qamq","Stacy","Rogahn","d81dc152-c9d3-048b-1572-1f0c4594bf92","stacy.rogahn+4704852296@example.com","17feb814-a85b-4d52-9260-c66ed65d679c",,"2025-09-18 20:54:48.215959+00","2025-09-18 20:54:48.215959+00","f",
"c1rkcw1faw4y4egjmbtur","Coby","Mosciski","d81dc152-c9d3-048b-1572-1f0c4594bf92","coby.mosciski+6999325369@example.com","17feb814-a85b-4d52-9260-c66ed65d679c",,"2025-09-18 20:54:48.215959+00","2025-09-18 20:54:48.215959+00","f",
"ecjn2pid33kpbuuk2dygr","Enoch","Mills","d81dc152-c9d3-048b-1572-1f0c4594bf92","enoch.mills+6852006186@example.com","17feb814-a85b-4d52-9260-c66ed65d679c",,"2025-09-18 20:54:48.215959+00","2025-09-18 20:54:48.215959+00","f",
"hp2lb3yevpu7cv5p8ps1z","Nellie","McClure","d81dc152-c9d3-048b-1572-1f0c4594bf92","nellie.mcclure+1046451360@example.com","17feb814-a85b-4d52-9260-c66ed65d679c",,"2025-09-18 20:54:48.215959+00","2025-09-18 20:54:48.215959+00","f",
"yge3mi20olpc08zdui3t8","Antonette","Medhurst","d81dc152-c9d3-048b-1572-1f0c4594bf92","antonette.medhurst+4990045772@example.com","17feb814-a85b-4d52-9260-c66ed65d679c",,"2025-09-18 20:54:48.215959+00","2025-09-18 20:54:48.215959+00","f",
"0c234p6xj6k1jzc3l97q4","Ophelia","Hamill","d81dc152-c9d3-048b-1572-1f0c4594bf92","ophelia.hamill+3617735178@example.com","17feb814-a85b-4d52-9260-c66ed65d679c",,"2025-09-18 20:54:48.215959+00","2025-09-18 20:54:48.215959+00","f",
"u91aqr7sf1fhe6x8s1bcq","Derek","Murray","d81dc152-c9d3-048b-1572-1f0c4594bf92","derek.murray+3428274936@example.com","17feb814-a85b-4d52-9260-c66ed65d679c",,"2025-09-18 20:54:48.215959+00","2025-09-18 20:54:48.215959+00","f",
"46ecup7mc7fl07arxwx3s","Lisette","Daugherty","d81dc152-c9d3-048b-1572-1f0c4594bf92","lisette.daugherty+7571702945@example.com","17feb814-a85b-4d52-9260-c66ed65d679c",,"2025-09-18 20:54:48.215959+00","2025-09-18 20:54:48.215959+00","f",
"k6jncmx3xgbkwxrrz2t3u","Olga","Schowalter","d81dc152-c9d3-048b-1572-1f0c4594bf92","olga.schowalter+7688366559@example.com","17feb814-a85b-4d52-9260-c66ed65d679c",,"2025-09-18 20:54:48.215959+00","2025-09-18 20:54:48.215959+00","f",
"9eduv53eix7kfvmo74gpy","Monserrat","Effertz","d81dc152-c9d3-048b-1572-1f0c4594bf92","monserrat.effertz+387951195@example.com","17feb814-a85b-4d52-9260-c66ed65d679c",,"2025-09-18 20:54:48.215959+00","2025-09-18 20:54:48.215959+00","f",
"6z2c2twtzsf8vnypwpmc3","Lavern","Runte","d81dc152-c9d3-048b-1572-1f0c4594bf92","lavern.runte+7580580781@example.com","17feb814-a85b-4d52-9260-c66ed65d679c",,"2025-09-18 20:54:48.215959+00","2025-09-18 20:54:48.215959+00","f",
"upm0mv04ddazhgwrxe2ep","Robin","Borer","d81dc152-c9d3-048b-1572-1f0c4594bf92","robin.borer+4901373043@example.com","17feb814-a85b-4d52-9260-c66ed65d679c",,"2025-09-18 20:54:48.215959+00","2025-09-18 20:54:48.215959+00","f",
"j71cxog5l8w2ty4rlpuwe","Bettie","Krajcik","d81dc152-c9d3-048b-1572-1f0c4594bf92","bettie.krajcik+7151906529@example.com","17feb814-a85b-4d52-9260-c66ed65d679c",,"2025-09-18 20:54:48.215959+00","2025-09-18 20:54:48.215959+00","f",
"c1101n8pj06hu6426lef0","Alicia","Wilkinson","d81dc152-c9d3-048b-1572-1f0c4594bf92","alicia.wilkinson+9962735423@example.com","17feb814-a85b-4d52-9260-c66ed65d679c",,"2025-09-18 20:54:48.215959+00","2025-09-18 20:54:48.215959+00","f",
"6jelwyv3z1a6ujwwns0kg","Ewald","Ortiz","d81dc152-c9d3-048b-1572-1f0c4594bf92","ewald.ortiz+8832636670@example.com","17feb814-a85b-4d52-9260-c66ed65d679c",,"2025-09-18 20:54:48.215959+00","2025-09-18 20:54:48.215959+00","f",
"2ia6nio2nmkzd6z2ccpzy","Jeanne","Kautzer","d81dc152-c9d3-048b-1572-1f0c4594bf92","jeanne.kautzer+9194749548@example.com","17feb814-a85b-4d52-9260-c66ed65d679c",,"2025-09-18 20:54:48.215959+00","2025-09-18 20:54:48.215959+00","f",
"l4dvk4durpywqbftlvit7","Devan","Gutkowski","d81dc152-c9d3-048b-1572-1f0c4594bf92","devan.gutkowski+2581764810@example.com","17feb814-a85b-4d52-9260-c66ed65d679c",,"2025-09-18 20:54:48.215959+00","2025-09-18 20:54:48.215959+00","f",
"kbfjmh0g7ghzxbgu4zxa2","Allen","Kub","d81dc152-c9d3-048b-1572-1f0c4594bf92","allen.kub+5369212776@example.com","17feb814-a85b-4d52-9260-c66ed65d679c",,"2025-09-18 20:54:48.215959+00","2025-09-18 20:54:48.215959+00","f",
"7f0s2nqz9xxfm86tf3cur","Gussie","Emmerich","d81dc152-c9d3-048b-1572-1f0c4594bf92","gussie.emmerich+8778740370@example.com","17feb814-a85b-4d52-9260-c66ed65d679c",,"2025-09-18 20:54:48.215959+00","2025-09-18 20:54:48.215959+00","f",
"tacu069xiykiyyml9w9ys","Tobin","Turcotte","d81dc152-c9d3-048b-1572-1f0c4594bf92","tobin.turcotte+9003737641@example.com","17feb814-a85b-4d52-9260-c66ed65d679c",,"2025-09-18 20:54:48.215959+00","2025-09-18 20:54:48.215959+00","f",
"3e1tkr5g68cwjdf1y8j4f","Reyna","Gleichner","d81dc152-c9d3-048b-1572-1f0c4594bf92","reyna.gleichner+2432371640@example.com","17feb814-a85b-4d52-9260-c66ed65d679c",,"2025-09-18 20:54:48.215959+00","2025-09-18 20:54:48.215959+00","f",
"rjy8wzc1fida2ir1uqoo2","Keon","Beer","d81dc152-c9d3-048b-1572-1f0c4594bf92","keon.beer+5059712350@example.com","17feb814-a85b-4d52-9260-c66ed65d679c",,"2025-09-18 20:54:48.215959+00","2025-09-18 20:54:48.215959+00","f",
"v09e0cpvu824uvfuy5ak1","Bart","Tromp","d81dc152-c9d3-048b-1572-1f0c4594bf92","bart.tromp+8618246778@example.com","17feb814-a85b-4d52-9260-c66ed65d679c",,"2025-09-18 20:54:48.215959+00","2025-09-18 20:54:48.215959+00","f",
"qnr2ufx8hzvavbbg2quon","David","Moore","d81dc152-c9d3-048b-1572-1f0c4594bf92","david.moore+6920324470@example.com","17feb814-a85b-4d52-9260-c66ed65d679c",,"2025-09-18 20:54:48.215959+00","2025-09-18 20:54:48.215959+00","f",
"yndc5dx4untuunjk3fbdg","Domenick","Smitham","d81dc152-c9d3-048b-1572-1f0c4594bf92","domenick.smitham+6424271808@example.com","17feb814-a85b-4d52-9260-c66ed65d679c",,"2025-09-18 20:54:48.215959+00","2025-09-18 20:54:48.215959+00","f",
"tqsg008youk12fp10b3xd","Jonathan","Cummerata","d81dc152-c9d3-048b-1572-1f0c4594bf92","jonathan.cummerata+8235244487@example.com","17feb814-a85b-4d52-9260-c66ed65d679c",,"2025-09-18 20:54:48.215959+00","2025-09-18 20:54:48.215959+00","f",
"eca1vtd2uqxxfolabuhuz","Camryn","Smith","d81dc152-c9d3-048b-1572-1f0c4594bf92","camryn.smith+9348453999@example.com","17feb814-a85b-4d52-9260-c66ed65d679c",,"2025-09-18 20:54:48.215959+00","2025-09-18 20:54:48.215959+00","f",
"4eftl12n44zbrjf0nyqrp","Braulio","Kassulke","d81dc152-c9d3-048b-1572-1f0c4594bf92","braulio.kassulke+427251120@example.com","17feb814-a85b-4d52-9260-c66ed65d679c",,"2025-09-18 20:54:48.215959+00","2025-09-18 20:54:48.215959+00","f",
"oi6jnazc6fxo9zjhlvwx9","Hilbert","O'Hara","d81dc152-c9d3-048b-1572-1f0c4594bf92","hilbert.o'hara+2731881887@example.com","17feb814-a85b-4d52-9260-c66ed65d679c",,"2025-09-18 20:54:48.215959+00","2025-09-18 20:54:48.215959+00","f",
"a6q1a9xyt4oupzxbia8tv","Gracie","Vandervort","d81dc152-c9d3-048b-1572-1f0c4594bf92","gracie.vandervort+9101126974@example.com","17feb814-a85b-4d52-9260-c66ed65d679c",,"2025-09-18 20:54:48.215959+00","2025-09-18 20:54:48.215959+00","f",
"hsm8cnaubwn5bv6evwqg6","Kailyn","Sporer","d81dc152-c9d3-048b-1572-1f0c4594bf92","kailyn.sporer+7460655066@example.com","17feb814-a85b-4d52-9260-c66ed65d679c",,"2025-09-18 20:54:48.215959+00","2025-09-18 20:54:48.215959+00","f",
"rewewrh940s65medhm08y","Taryn","Torphy","d81dc152-c9d3-048b-1572-1f0c4594bf92","taryn.torphy+3903562081@example.com","17feb814-a85b-4d52-9260-c66ed65d679c",,"2025-09-18 20:54:48.215959+00","2025-09-18 20:54:48.215959+00","f",
"xb469aqq0ozgit8j2bvyj","Myrl","Shanahan","d81dc152-c9d3-048b-1572-1f0c4594bf92","myrl.shanahan+3259949154@example.com","17feb814-a85b-4d52-9260-c66ed65d679c",,"2025-09-18 20:54:48.215959+00","2025-09-18 20:54:48.215959+00","f",
"s7iewcqqf3bxf9ue7rehi","Gayle","Hodkiewicz","d81dc152-c9d3-048b-1572-1f0c4594bf92","gayle.hodkiewicz+9722002485@example.com","17feb814-a85b-4d52-9260-c66ed65d679c",,"2025-09-18 20:54:48.215959+00","2025-09-18 20:54:48.215959+00","f",
"h18amkikzu2lwcsp32y8m","King","Schroeder","d81dc152-c9d3-048b-1572-1f0c4594bf92","king.schroeder+3278312647@example.com","17feb814-a85b-4d52-9260-c66ed65d679c",,"2025-09-18 20:54:48.215959+00","2025-09-18 20:54:48.215959+00","f",
"yxgkkja9hu2hs8mmjg0b5","Cathryn","McKenzie","d81dc152-c9d3-048b-1572-1f0c4594bf92","cathryn.mckenzie+7756965669@example.com","17feb814-a85b-4d52-9260-c66ed65d679c",,"2025-09-18 20:54:48.215959+00","2025-09-18 20:54:48.215959+00","f",
"nrngzlnl6a9oxm3wb5qst","Archibald","Roob","d81dc152-c9d3-048b-1572-1f0c4594bf92","archibald.roob+5949512781@example.com","17feb814-a85b-4d52-9260-c66ed65d679c",,"2025-09-18 20:54:48.215959+00","2025-09-18 20:54:48.215959+00","f",
"r8csiurqjnxbvb0su0s5q","Lisandro","Pfeffer","d81dc152-c9d3-048b-1572-1f0c4594bf92","lisandro.pfeffer+1909001385@example.com","17feb814-a85b-4d52-9260-c66ed65d679c",,"2025-09-18 20:54:48.215959+00","2025-09-18 20:54:48.215959+00","f",
"87qox8pikzkba9s2y56f5","Carissa","Herzog","d81dc152-c9d3-048b-1572-1f0c4594bf92","carissa.herzog+5960587486@example.com","17feb814-a85b-4d52-9260-c66ed65d679c",,"2025-09-18 20:54:48.215959+00","2025-09-18 20:54:48.215959+00","f",
"0evkp9r8b49c1ezhlgpja","Joey","Wunsch","d81dc152-c9d3-048b-1572-1f0c4594bf92","joey.wunsch+764761845@example.com","17feb814-a85b-4d52-9260-c66ed65d679c",,"2025-09-18 20:54:48.215959+00","2025-09-18 20:54:48.215959+00","f",
"zzz7zu88c1jpzqt036k2x","Terrence","Boehm","d81dc152-c9d3-048b-1572-1f0c4594bf92","terrence.boehm+3948085224@example.com","17feb814-a85b-4d52-9260-c66ed65d679c",,"2025-09-18 20:54:48.215959+00","2025-09-18 20:54:48.215959+00","f",
"zc2lwp00cnli8l6k9fa9n","Ashly","Von","d81dc152-c9d3-048b-1572-1f0c4594bf92","ashly.von+308024940@example.com","17feb814-a85b-4d52-9260-c66ed65d679c",,"2025-09-18 20:54:48.215959+00","2025-09-18 20:54:48.215959+00","f",
